,title,links,size,language
0,The Nicene-Constantinopolitan Creed,NONE,NONE,NONE
1,The Chalcedonian Creed,NONE,NONE,NONE
2,The French Confession of Faith,NONE,NONE,NONE
3,Confessio Belgica,NONE,NONE,NONE
4,Canons of Dort,NONE,NONE,NONE
5,The 1689 Baptist Confession of Faith,NONE,NONE,NONE
6,Church Fathers: From Clement of Rome to Augustine,NONE,NONE,NONE
7,The Unquenchable Flame: Discovering the Heart of the Reformation,NONE,NONE,NONE
8,The Christian Tradition: A History of the Development of Doctrine (Vol. 1-5),NONE,NONE,NONE
9,Judges for You,NONE,NONE,NONE
10,Reason for Being — A Meditation on Ecclesiastes,NONE,NONE,NONE
11,Major Points from the Minor Prophets,NONE,NONE,NONE
12,The message of the Sermount of the Mount,NONE,NONE,NONE
13,Men Made New : An Exposition of Romans 5-8,NONE,NONE,NONE
14,"Revelation : Four Views, A Parallel Commentary",NONE,NONE,NONE
15,Reading Revelation — A Thematic Approach,NONE,NONE,NONE
16,The MacArthur New Testament Commentary (34 volumes),NONE,NONE,NONE
17,Commentary on the Whole Bible (6 volumes),NONE,NONE,NONE
18,The Daily Study Bible Series (17 volumes),NONE,NONE,NONE
19,Boice’s Expositional Commentaries (27 vols.),NONE,NONE,NONE
20,Barnes' Notes on the Bible,NONE,NONE,NONE
21,A Commentary on the Holy Bible,NONE,NONE,NONE
22,Resurrection and Moral Order: An Outline for Evangelical Ethics,NONE,NONE,NONE
23,Becoming Good: Building Moral Character,NONE,NONE,NONE
24,Under the Unpredictable Plant: An Exploration in Vocational Holiness,NONE,NONE,NONE
25,Adrenaline and Stress,NONE,NONE,NONE
26,Streams of Living Water: Celebrating the Great Traditions of Christian Faith,NONE,NONE,NONE
27,Stop Taking Sides,NONE,NONE,NONE
28,Parenting: The 14 Gospel Principles That Can Radically Change Your Family,NONE,NONE,NONE
29,Discipline: The Glad Surrender,NONE,NONE,NONE n 
30,Trusting God: Even When Life Hurts,NONE,NONE,NONE
31,Too Busy Not to Pray: Slowing Down to Be With God,NONE,NONE,NONE
32,The Saints' Everlasting Rest,NONE,NONE,NONE
33,Life Together: The Classic Exploration of Faith in Community,NONE,NONE,NONE
34,If You Will Ask: Reflections on the Power of Prayer,NONE,NONE,NONE
35,Living By the Book: The Art and Science of Reading the Bible,NONE,NONE,NONE
36,"The Way of the Heart: Connecting with God Through Prayer, Wisdom, and Silence",NONE,NONE,NONE
37,Union With God: Including 22 of Her Poems,NONE,NONE,NONE
38,Experiencing the Depths of Jesus Christ,NONE,NONE,NONE
39,Thy Will Be Done: Letters to Persons in the World,NONE,NONE,NONE
40,"""The Paedagogus"" (The Instructor)",NONE,NONE,NONE
41,Poustinia: Christian Spirituality of the East for Western Man,NONE,NONE,NONE
42,GotQuestions.org,NONE,NONE,NONE
